{"cameraMode":{"drawMode":0,"name":"Shaded","section":"Shading Mode"},"sceneLighting":false,"audioPlay":false,"sceneViewState":{"showFog":false,"showMaterialUpdate":false,"showSkybox":false,"showFlares":false,"showImageEffects":false,"showParticleSystems":false},"in2DMode":false,"pivot":{"x":715.606689453125,"y":463.6949768066406,"z":0.173095703125},"rotation":{"x":0.00005420444722403772,"y":0.00014684275083709508,"z":-0.000025584653485566378,"w":0.9999998807907105},"size":535.93115234375,"orthographic":false}