{"cameraMode":{"drawMode":0,"name":"Shaded","section":"Shading Mode"},"sceneLighting":false,"audioPlay":false,"sceneViewState":{"showFog":false,"showMaterialUpdate":false,"showSkybox":false,"showFlares":false,"showImageEffects":false,"showParticleSystems":false},"in2DMode":false,"pivot":{"x":1.5543174743652344,"y":-2.486790657043457,"z":-0.1756591796875},"rotation":{"x":0.002999236574396491,"y":-0.022498000413179399,"z":0.0000674942129990086,"w":0.999742329120636},"size":0.797523558139801,"orthographic":true}